model,attack,ap,ap_delta,AP_relative,fp,fp_delta,fp_relative,fn,fn_delta,fn_relative,fnr,fnr_delta,fpr,fpr_delta
sencond,kitti,80.86257433333333,0,0,7274.666666666667,0,0,1036.0,0,0,0.12171799949548608,0,0.5514983228936569,0
sencond,lidar_laser_hiding,52.99591433333334,-27.86665999999999,-0.34461752213239566,6186.333333333333,-1088.333333333334,-0.14960593841642236,3369.0,2333.0,2.251930501930502,0.43568971625519587,0.3139717167597098,0.6245640623219485,0.07306573942829164
sencond,lidar_laser_creating_car,73.19382233333333,-7.668751999999998,-0.0948368520693852,8470.333333333334,1195.666666666667,0.1643603372434018,1633.6666666666667,597.6666666666667,0.576898326898327,0.19776290246673311,0.07604490297124704,0.6114260236094713,0.059927700715814436
sencond,lidar_laser_arbitrary_point_injection,72.177592,-8.684982333333323,-0.10740422754205073,7376.666666666667,102.0,0.014021260997067448,1643.3333333333333,607.3333333333333,0.5862290862290862,0.19961546099848784,0.07789746150300177,0.578399916622281,0.026901593728624107
sencond,lidar_laser_background_noise_injection,75.8243,-5.038274333333334,-0.06230662794093666,8823.333333333334,1548.666666666667,0.21288489736070385,1460.0,424.0,0.4092664092664093,0.16956351076048926,0.04784551126500318,0.5942277615390199,0.04272943864536305
sencond,lidar_emi_gaussian_noise,79.18961333333334,-1.6729609999999866,-0.020688940635301484,7473.0,198.33333333333303,0.02726356304985333,1220.3333333333333,184.33333333333326,0.17792792792792786,0.1421918705715471,0.020473871076061037,0.5637456671193817,0.012247344225724821
